item_name,item_id,item_category_id
"007: coordenadas ""SKAYFOLL""",30,40
"007: Coordenadas ""SKAYFOLL» (BD)",31,37
1 + 1,32,40
1 + 1 (BD),33,37
12 Años de un esclavo (región),77,40
1C: la Biblia. Desarrollador. Desarrollo de informes complejos en 1C: Enterprise. 8. Syst. Comp. datos. 2ª Ed. (+ CD),464,49
1C: Contabilidad 8 (red.3.0) como la palma de la mano. 5. ed Gartvich A.,472,49
1C: Contabilidad 8. La versión básica,482,73
1C: Contabilidad 8. versión educativa. 6 edición.,484,73
1C: Contabilidad 8. versión educativa. 7 edición.,485,73
1C: Contabilidad 8. versión educativa. 8 edición.,486,73
1C: Dinero 8,491,73
"1C: Dinero 8 Versión electrónica [PC, versión digital]",492,76
documentos de pago 8: 1C,687,73
1C: Predpr.8. Gestión torg.operatsiyami en preguntas y respuestas. Ed. 6. Bogachev TG (+ CD). Red.11,786,49
1C: Predpr.8.2.Versiya para la enseñanza de la programación.,791,73
1C: Enterprise 8.3. Guía del Desarrollador práctica. Ejemplos de métodos estándar y [Version Digital],805,54
"1C: Enterprise 8.3. Guía del Desarrollador práctica. Radchenko MG, Jrustalev EY (+ CD)",806,49
1C: 8 simplificado los impuestos,839,73
30 Seconds to Mars lujuria Fe + Sueños,972,55
Puzzle 3D de cristal Castillo XL,1007,67
Puzzle 3D de cristal caballo XL,1015,67
47 RONIN,1075,40
AC / DC Back In Negro,1201,55
ADELE 21,1249,55
Armin van Buuren A State Of Trance 2013 2CD (digipack),1305,55
Armin van Buuren A State Of Trance 2014 2CD (digipack),1306,55
ARMIN VAN BUUREN Intense (digipack),1310,55
"Era de maravillas III [PC, versión rusa]",1364,30
"Extranjero: Aislamiento [PC, Jewel, versión rusa]",1384,30
"Extranjero: Aislamiento. Nostromo Edición [PS4, versión rusa]",1389,20
"Aliens: Colonial Marines [PC, Jewel, versión rusa]",1398,30
"Marina de colonias extrangeras. Expanded Edition [PC, versión rusa]",1406,28
"Marina de colonias extrangeras. edición ampliada [PS3, la versión rusa]",1407,19
Angry Birds Star Wars (figura 1 en stock),1411,70
App Store de 1000 rublos.,1439,32
App Store de 1500 rublos.,1440,32
App Store 500 rublos.,1441,32
"Arma III [PC, subtítulos en ruso]",1448,28
"Arma III [PC, Jewel, subtítulos en ruso]",1449,30
"Army of Two: The Devil Cartel [PS3, la versión Inglés]",1459,19
"Army of Two: The Devil Cartel [Xbox 360, la versión Inglés]",1460,23
"Creed 2 Juego del asesino de la edición del año (Esenciales) [PS3, la versión rusa]",1467,19
"Assassins Creed 3 [PC, Jewel, versión rusa]",1470,30
"Assassins Creed 3 [PS3, la versión rusa]",1471,19
"Assassins Creed 3. La liberación de HD [PC, Jewel, subtítulos en ruso]",1480,30
"Assassins Creed 3. La liberación de [PS Vita, subtítulos en ruso]",1481,22
Assassins Creed III (Clásicos) [Xbox 360 versión en ruso],1483,23
"Credo IV del asesino. Bandera Negro [PS3, la versión rusa]",1485,19
"Credo IV del asesino. Bandera Negro [PC, Jewel, versión rusa]",1495,30
"Credo IV del asesino. Bandera Negro [PS4, versión rusa]",1496,20
"Credo IV del asesino. Bandera Negra. Bonus Edition [PS4, versión rusa]",1501,20
"Credo IV del asesino. Bandera Negra. Buccaneer Edition [PC, versión rusa]",1502,29
"Credo IV del asesino. Bandera Negra. Special Edition [PC, versión rusa]",1511,28
"Credo IV del asesino. Bandera Negra. Edición Especial [PS3, la versión rusa]",1512,19
Credo IV del asesino. Bandera Negra. Edición Especial [Xbox 360 versión en ruso],1513,23
Credo IV del asesino. Bandera Negra. Edición de coleccionista. Conjunto de pre-orden [PC],1516,30
"Assassins Creed. Líneas de sangre (Esenciales) [PSP, versión rusa]",1523,21
"Assassins Creed: Unidad. Edición especial [PC, versión rusa]",1555,28
"Assassins Creed: Unidad. Edición especial [PS4, versión rusa]",1556,20
"Assassins Creed: Outcast [PS3, la versión rusa]",1564,19
"Assassins Creed: Outcast. Edición Coleccionista [PC, versión rusa]",1568,28
"Assassins Creed: Outcast. Edición Coleccionista [PS3, la versión rusa]",1569,19
NEGRO SABBATH 13,1686,55
"Batman: Arkham Crónica [PC, Jewel, subtítulos en ruso]",1809,30
"Batman: Arkham Crónica [PC, subtítulos en ruso]",1810,28
"Batman: Arkham Crónica [PS3, subtítulos en ruso]",1811,19
"Batman: Arkham Knight [PS4, subtítulos en ruso]",1814,20
"Battlefield 3 Armored Kill (código de arranque, sin disco) [PC, versión rusa]",1824,28
"Battlefield 3 Close Quarters (código de arranque, sin disco) [PC, versión rusa]",1826,28
"Battlefield 3 Premium. Colección de complementos (código de arranque, sin disco) [versión RL ruso]",1829,28
"Battlefield 3 [PC, Jewel, versión rusa]",1830,30
"Battlefield 3 [PS3, la versión rusa]",1832,19
Battlefield 3 [Xbox 360 versión en ruso],1833,23
"Campo de batalla 3. Premium Edition [PC, versión rusa]",1835,28
"Battlefield 4 Limited Edition [PC, versión rusa]",1849,28
"Battlefield 4 Limited Edition [PS3, la versión rusa]",1850,19
"Campo de batalla 4 Premium. Colección de complementos (código de arranque, sin disco) [versión RL ruso]",1853,28
"Battlefield 4 [PC, versión rusa]",1855,30
"Battlefield 4 [PS3, la versión rusa]",1856,19
"Battlefield 4 [PS4, versión rusa]",1857,20
Battlefield 4 [Xbox 360 versión en ruso],1858,23
"Campo de batalla 4. Premium Edition [PS4, versión rusa]",1865,20
"Battlefield Bad Company 2 [PC, Jewel, versión rusa]",1871,30
"Campo de batalla de línea dura [PS3, la versión rusa]",1876,19
"Campo de batalla de línea dura [PS4, versión rusa]",1877,20
"Mejor vendido. Grand Theft Auto: San Andreas [PC, Jewel]",1905,30
"Mejor vendido. Medieval 2: Total War. Gold Edition [PC, Jewel, versión rusa]",1911,30
"Mejor vendido. S.T.A.L.K.E.R. [PC, Jewel]",1915,30
"Mejor vendido. Sid Meier Civilization V. Gold Edition [PC, Jewel, versión rusa]",1916,30
"Mejor vendido. Tras las líneas enemigas 2: Tormenta de. edición completa [PC, Jewel, versión rusa]",1921,30
"BioShock Infinite [PC, Jewel, subtítulos en ruso]",1937,30
"BioShock Infinite [PC, subtítulos en ruso]",1939,28
"BioShock Infinite [PS3, la documentación ruso]",1940,19
"Transmitidos por la sangre: Generación de la sangre [PS4, subtítulos en ruso]",1969,20
"Bloodborne: haciendo que la sangre. Colección Edición [PS4, subtítulos en ruso]",1971,20
"Obligado por la llama [PC, Jewel, subtítulos en ruso]",2047,30
"Oficina: XCOM desclasificados [PC, Jewel, versión rusa]",2070,30
COCKER JOE Greatest Hits,2182,55
"Call of Duty: Modern Warfare 3 [PC, Jewel]",2252,30
"Obligaciones. Fantasmas + Negro de Operaciones II [PC, versión joya ruso]",2263,28
"Obligaciones. Fantasmas [PS3, la versión rusa]",2267,19
"Obligaciones. Fantasmas [Pc, Digipack, versión rusa]",2269,30
Obligaciones. Fantasmas [Xbox 360 versión en ruso],2270,23
"Obligaciones. Fantasmas. Edición Coleccionista [PC, versión rusa]",2278,29
"Obligaciones. Fantasmas. Expanded Edition [PC, versión rusa]",2279,28
"Call of Duty: Avanzado Guerra [PC, versión rusa]",2283,30
"Call of Duty: Avanzado Guerra [PS4, versión rusa]",2285,20
"Call of Duty: Avanzada la guerra. Atlas Limited Edition [PC, versión rusa]",2288,28
"Call of Duty: Avanzada la guerra. Día Cero Edition [PC, versión rusa]",2293,28
"Call of Duty: Operaciones Negro desclasificados [PS Vita, versión rusa]",2304,22
"Call of Duty: Operaciones Negro II [PS3, la versión rusa]",2307,19
"Call of Duty: Operaciones Negro II [PC, Jewel, versión rusa]",2308,30
Call of Duty: Operaciones Negro II [Xbox 360 versión en ruso],2309,23
"Call of Duty: Operaciones Negro II. Expanded Edition [PC, versión rusa]",2321,28
"Call of Juarez: Gunslinger [PC, Jewel, subtítulos en ruso]",2341,30
"Company of Heroes 2 [PC, Jewel, versión rusa]",2398,30
"Counter Strike. Global Offensive [PC, Jewel, versión rusa]",2416,30
"Tripulación. Edición especial [PC, versión rusa]",2429,28
"Tripulación. Edición especial [PS4, versión rusa]",2430,20
"Crysis 2 [PC, Jewel, versión rusa]",2439,30
"Crysis 3 [PC, versión rusa]",2445,30
"Crysis 3 [PS3, la versión rusa]",2446,19
Crysis 3 [Xbox 360 versión en ruso],2447,23
"Crysis 3. Hunter Edition [PC, versión rusa]",2448,28
"Crysis 3. Hunter Edition [PS3, la versión rusa]",2449,19
Daft Punk memorias de acceso aleatorio,2458,55
LANA DEL REY Born To Die El paraíso Edición 2CD,2574,55
LANA DEL REY Ultraviolence,2578,55
DEPECHE MODE Delta Machine,2584,55
DEPECHE MODE El mejor de 1,2607,55
Dance Central 2 - MSX Xbox 360 de Rusia Rusia DVD PAL,2678,23
"Dark Souls 2 [PC, Jewel, subtítulos en ruso]",2685,30
"Dark Souls: Prepare to Die Edition [PC, Jewel, subtítulos en ruso]",2703,30
"Dead Island Riptide [Pc, Jewel, versión rusa]",2730,30
"Dead Space 3 Limited Edition [PC, subtítulos en ruso]",2749,28
"Dead Space 3 Limited Edition [PS3, subtítulos en ruso]",2750,19
"Dead Space 3 [PC, subtítulos en ruso]",2753,30
"Dead Space 3 [PS3, subtítulos en ruso]",2754,19
"Deadpool [PC, Jewel, subtítulos en ruso]",2766,30
"Destino [PS4, la documentación ruso]",2780,20
"Deus Ex: Human Revolution [PS3, la versión rusa]",2799,19
"Diablo III [PC, Jewel, versión rusa]",2808,30
"Diablo III [PS3, versión rusa]",2809,19
Diablo III [Xbox 360 versión en ruso],2810,23
"Diablo III: Reaper de las almas (adición) [PC, Jewel, versión rusa]",2813,28
"Diablo III: Reaper de las almas (adición) [PC, versión rusa]",2814,28
"Diablo III: Reaper de las almas (suplemento). Edición Coleccionista [PC, versión rusa]",2815,29
"Diablo III: Reaper de las almas. Mal última edición [PS3, la versión rusa]",2816,19
"Diablo III: Reaper de las almas. Mal última edición [PS4, versión rusa]",2817,20
"Deshonrado [PC, Jewel, subtítulos en ruso]",2833,30
"Disney World Heroes [PC, Jewel, versión rusa]",2848,30
"Disney Brave [PC, Jewel, versión rusa]",2854,30
"Disney. Epic Mickey: Dos Leyendas (con soporte para PS Move) [PS3, la versión rusa]",2857,19
"Disney. Infinity 2,0 (Marvel). Ajuste ""token 2 mágica""",2859,25
"Disney. Infinito. Ajuste ""token 2 mágica""",2887,25
"Disney. LEGO Piratas del Caribe (Fundamentos) [PSP, versión rusa]",2920,21
"Disney. Split / Second. Velocidad (Fundamentos) [PSP, versión rusa]",2921,21
"Disney. personajes favoritos. LEGO Piratas del Caribe [PC, Jewel]",2929,30
"Disney. personajes favoritos. Coches 2 [PC, Jewel]",2931,30
"Disney. Misión Darwin (Esenciales) [PSP, versión rusa]",2934,21
"Disney. Piratas del Caribe. En el Fin del Mundo (Fundamentos) [PSP, versión rusa]",2939,21
"Disney. Tron: Evolution (Esenciales) [PSP, versión en Inglés]",2946,21
"Disney / Pixar. Historia de los juguetes. La gran evasión (Esenciales) [PSP, versión rusa]",2956,21
"Divinidad. Pecado Original [PC, Jewel, la documentación ruso]",2964,30
"Divinidad: Dragón comandante [PC, Jewel, subtítulos en ruso]",2969,30
"DmC Devil May Cry [PC, Jewel, subtítulos en ruso]",2972,30
"DmC Devil May Cry [PS3, subtítulos en ruso]",2973,19
Espacio Dr.Web Security 2 PC SC / 2 años (cartón),3007,75
"Dragon Age: Inquisición [PC, versión digital]",3025,31
"Dragon Age: Inquisición [PS3, subtítulos en ruso]",3026,19
"Dragon Age: Inquisición [PS4, subtítulos en ruso]",3027,20
"Dragon Age: Inquisición. Deluxe Edition [PS4, subtítulos en ruso]",3031,20
"Driveclub [PS4, versión rusa]",3054,20
"Luz moribunda [PC, Jewel, subtítulos en ruso]",3071,30
EA SPORTS MMA [PS3],3076,19
"EA SPORTS MMA [Xbox 360, la versión Inglés]",3077,23
EMINEM The Marshall Mathers LP 2,3108,55
ESET NOD32 Smart Security - una extensión de la licencia por 1 año 3PK (cuadro),3141,75
ESET NOD32 Smart Security + Bonus + funcionalidad avanzada. 3PK 1 año,3148,75
"Elder Scrolls V: Skyrim Legendary Edition [PC, Jewel, versión rusa]",3183,30
"Elder Scrolls V: Skyrim [PC, Jewel, versión rusa]",3186,30
"Euro Truck Simulator 2: Carga 3 Europa [RS, Jewel, subtítulos en ruso]",3223,30
"Mal dentro [PC, Jewel, subtítulos en ruso]",3234,30
"Mal dentro [PS4, subtítulos en ruso]",3237,20
"FIFA 12 [PS3, la versión rusa]",3316,19
"FIFA 13 (con soporte para PS Move) [PS3, la versión rusa]",3320,19
"FIFA 13 [PC, versión rusa]",3325,30
"FIFA 13 [PS Vita, la documentación ruso]",3326,22
FIFA 13 [Xbox 360 versión en ruso],3328,23
"FIFA 14 (con soporte para PS Move) [PS3, la versión rusa]",3329,19
"FIFA 14 [PC, versión rusa]",3331,30
"FIFA 14 [PS Vita, la versión en Inglés]",3332,22
"FIFA 14 [PS4, la documentación ruso]",3333,20
FIFA 14 [Xbox 360 versión en ruso],3335,23
"FIFA 14 Ultimate Edition (con soporte para PS Move) [PS3, la versión rusa]",3336,19
"FIFA 15 [PC, versión rusa]",3340,30
"FIFA 15 [PS3, la versión rusa]",3341,19
"FIFA 15 [PS4, versión rusa]",3342,20
FIFA 15 [Xbox 360 versión en ruso],3343,23
"15. FIFA Ultimate Team Edition [PS4, versión rusa]",3346,20
"FIFA 16 [PS3, la versión rusa]",3350,19
"FIFA 16 [PS4, versión rusa]",3351,20
FIFA 16 [Xbox 360 versión en ruso],3352,23
"FIFA Street (Clásicos) [Xbox 360, la versión Inglés]",3364,23
"FIFA Street (Esenciales) [PS3, la versión Inglés]",3365,19
"FIFA Street [PS3, la versión Inglés]",3366,19
"FIFA Street [Xbox 360, la versión Inglés]",3367,23
"Far Cry 3 (Clásicos) [Xbox 360, versión en ruso]",3423,23
"Far Cry 3 (Esenciales) [PS3, la versión rusa]",3424,19
"Far Cry 3 + código de la activación del complemento perdida Expedición [PC, versión rusa]",3427,28
"Far Cry 3 [PC, Jewel, versión rusa]",3432,30
"Far Cry 3 [PS3, la versión rusa]",3433,19
"Far Cry 4 [PC, versión rusa]",3443,30
"Far Cry 4 [PS3, la versión rusa]",3444,19
"Far Cry 4 [PS4, versión rusa]",3445,20
"Far Cry 4. Edición Especial [PC, versión rusa]",3460,28
"Far Cry 4. Edición Especial [PS3, la versión rusa]",3461,19
"Far Cry 4. Edición Especial [PS4, versión rusa]",3462,20
Fight Night Champion [PS3],3475,19
Fight Night Champion [Xbox 360],3476,23
"Football Manager 2014 [PC, versión rusa]",3535,29
Forza Horizon 2 [Xbox 360 versión en ruso] [6MU-00019],3552,23
"Forza Horizon 2 [Xbox One, versión rusa] [6NU-00028]",3553,24
Forza Horizon [Xbox 360],3554,23
Forza Motorsport 4 [Xbox 360],3556,23
"Grid 2 [PC, Jewel, la documentación ruso]",3629,30
GUNS N` Roses Greatest Hits,3656,55
Gears Of War: Sentencia [Xbox 360 versión en ruso],3673,23
Gears of War 3 Xbox 360 PL / RU DVD PAL (D9D-00016),3676,23
"God of War 3 (Esenciales) [PS3, la versión rusa]",3686,19
"God of War 3. Una versión actualizada de [PS4, versión rusa]",3688,20
"God of War Collection 1 (Fundamentos) [PS3, la versión rusa]",3689,19
"God of War: Ascension [PS3, la versión rusa]",3695,19
"Ascensión del Dios de la Guerra. Edición especial [PS3, la versión rusa]",3697,19
"God of War: Fantasma de Esparta (Esenciales) [PSP, versión rusa]",3698,21
"Gran Turismo 5 Academia edición (con soporte para 3D) [PS3, la versión rusa]",3705,19
"Gran Turismo 6 Anniversary Edition [PS3, la versión rusa]",3707,19
"Gran Turismo 6 [PS3, la versión rusa]",3708,19
Gran Turismo 6. Conjunto pre-ordenar [PS3],3709,19
"Grand Theft Auto IV. Complete Edition [PC, Jewel, subtítulos en ruso]",3719,30
"Grand Theft Auto V [PC, versión digital]",3730,31
"Grand Theft Auto V [PC, subtítulos en ruso]",3731,30
"Grand Theft Auto V [PS3, subtítulos en ruso]",3732,19
"Grand Theft Auto V [PS4, subtítulos en ruso]",3733,20
"Grand Theft Auto V [Xbox 360, subtítulos en ruso]",3734,23
"Grand Theft Auto V [Xbox One, subtítulos en ruso]",3735,24
Grand Theft Auto V. El conjunto de pre-orden [PS3],3738,19
"Grand Theft Auto: Liberty City Stories (Platinum) [PSP, la documentación ruso]",3743,21
Halo 4 [Xbox 360],3834,23
De Halo 4. Edición Juego del Año [Xbox 360 versión en ruso],3835,23
"Halo: El Jefe Master Collection [Xbox One, subtítulos en ruso]",3842,24
"Heavy Rain (Esenciales) (con soporte para PS Move) [PS3, la versión rusa]",3851,19
"Hitman Absolution [PS3, la versión rusa]",3869,19
"Hitman Absolution [Pc, Jewel, versión rusa]",3870,30
"InFamous: segundo hijo [PS4, versión rusa]",3928,20
"La injusticia: Gods Among Us Ultimate Edition [PC, Jewel, subtítulos en ruso]",3930,30
"La injusticia: Gods Among Us Ultimate Edition [PS4, subtítulos en ruso]",3934,20
"La injusticia: Gods Among Us Ultimate Edition [Xbox 360, subtítulos en ruso]",3935,23
"La injusticia: Gods Among Us. Edición Soviética [PS3, subtítulos en ruso]",3938,19
"La injusticia: Gods Among Us. Edición Soviética [Xbox 360, subtítulos en ruso]",3939,23
Kaspersky Internet Security 2012 Edición rusa. 2-escritorio 1 Renovación del Año Box,4161,75
Kaspersky Internet Security 2013 Edición rusa. 2-escritorio 1 año Caja Base,4163,75
Kaspersky Internet Security 2013 Edición rusa. 2-escritorio 1 Renovación del Año Box,4164,75
Kaspersky Internet Security multidispositivo edición rusa. 2-Dispositivo de 1 año Box Base,4178,75
Kaspersky Internet Security multidispositivo edición rusa. 2-Dispositivo de 1 año Renovación Box,4181,75
"Killzone 3 (Esenciales) (con soporte para PS Move, 3D) [PS3, la versión rusa]",4228,19
"Killzone: Atrapados atardecer [PS4, versión rusa]",4231,20
"Killzone: Mercenary [PS Vita, versión rusa]",4233,22
Kinect Dance Central 3 (sólo MS Kinect) [Xbox 360],4240,23
Kinect Disneyland Xbox 360 PL / RU DVD PAL,4241,23
Kinect Rush [sólo para Kinect] [Xbox 360],4244,23
Kinect Sports último (sólo para MS Kinect) [Xbox 360],4248,23
Kinect Star Wars [solamente para Kinect] [Xbox 360],4249,23
"La generosidad de Rey. Guerrero del Norte [PC, Jewel, versión rusa]",4251,30
"del Rey Bounty: The Dark Side [PC, Jewel, versión rusa]",4261,30
"Kingdoms of Amalur: Reckoning [PC, la versión en Inglés]",4265,30
"Knack [PS4, versión rusa]",4271,20
"LEGO Batman 2: DC Super Heroes [Pc, Jewel, subtítulos en ruso]",4332,30
"LEGO Harry Potter: Años 1-4 (Esenciales) [PSP, la documentación ruso]",4345,21
"LEGO Marvel Super Heroes [PC, Jewel, subtítulos en ruso]",4351,30
"LEGO Marvel Super Heroes [PS3, subtítulos en ruso]",4353,19
"LEGO Marvel Super Heroes [Xbox 360, subtítulos en ruso]",4355,23
"LEGO película de videojuegos [PC, Jewel, subtítulos en ruso]",4357,30
"LEGO película de videojuegos [PS3, subtítulos en ruso]",4360,19
"LEGO El Señor de los Anillos [PC, Jewel, subtítulos en ruso]",4370,30
"LEGO Anillos [PS3, subtítulos en ruso]",4372,19
"LEGO Harry Potter: Años 5-7 (Esenciales) [PSP, subtítulos en ruso]",4374,21
Linkin Park La sombra del cazador,4431,55
"LittleBigPlanet (Esenciales) [PSP, la documentación ruso]",4475,21
"LittleBigPlanet 2 Extended Edition (con soporte para PS Move) [PS3, la versión rusa]",4477,19
"LittleBigPlanet 3 [PS3, la versión rusa]",4478,19
"LittleBigPlanet 3 [PS4, versión rusa]",4479,20
"LittleBigPlanet [PS Vita, versión rusa]",4481,22
"Señores de los Caídos. Edición limitada [PC, subtítulos en ruso]",4493,30
MY CHEMICAL ROMANCE mayo muerte nunca dejaré de The Greatest Hits 2001-2013,4717,55
"Mad Max [PC, Jewel, subtítulos en ruso]",4719,30
Mafia II,4723,30
"Mafia II. Expanded Edition [PC, Jewel]",4728,28
"Mass Effect 3 [PC, subtítulos en ruso]",4779,30
"Max Payne 3 [PC, Jewel, subtítulos en ruso]",4790,30
"Max Payne 3 [PS3, subtítulos en ruso]",4792,19
"Medal of Honor: Warfighter [PC, versión rusa]",4806,30
"Medal of Honor: Warfighter [PS3, la versión rusa]",4807,19
Medal of Honor: Warfighter [Xbox 360 versión en ruso],4808,23
"Medalla al soldado de honor. Edición limitada [PC, versión rusa]",4809,30
"Medalla al soldado de honor. Edición limitada [PS3, la versión rusa]",4810,19
Medalla al soldado de honor. Edición limitada [Xbox 360 versión en ruso],4811,23
"Metal Gear Rising: Revengeance [PS3, la documentación ruso]",4827,19
"Minecraft [PS Vita, versión rusa]",4869,22
"Minecraft [Xbox 360, la versión Inglés]",4870,23
"Minecraft. Playstation 3 Edición [PS3, la versión rusa]",4872,19
"Minecraft. Playstation 4 Edición [PS4, versión rusa]",4873,20
Mortal Kombat (Clásicos) [Xbox 360 registra ruso],4885,23
"Mortal Kombat (Esenciales) (con soporte para 3D) [PS3, la documentación ruso]",4886,19
"Mortal Kombat X [PC, Jewel, subtítulos en ruso]",4892,30
"Mortal Kombat X [PS4, subtítulos en ruso]",4894,20
"Mortal Kombat [PS Vita, la documentación ruso]",4901,22
"Mortal Kombat. Komplete Edition [PC, Jewel, la documentación ruso]",4904,30
"Mortal Kombat. Komplete Edition [PS3, la documentación ruso]",4906,19
"Mortal Kombat. Komplete Edition [Xbox 360, la documentación ruso]",4907,23
"MotorStorm: Arctic Edge (Esenciales) [PSP, versión rusa]",4910,21
"Asesinados: Alma sospechoso [PC, Jewel, versión rusa]",4962,30
"NHL 13 [PS3, la documentación ruso]",5033,19
"NHL 13 [Xbox 360, la documentación ruso]",5034,23
"NHL 14 [PS3, subtítulos en ruso]",5035,19
"NHL 14 [Xbox 360, subtítulos en ruso]",5036,23
"NHL 15 [PS3, subtítulos en ruso]",5037,19
"NHL 15 [PS4, subtítulos en ruso]",5038,20
"NHL 15 [Xbox 360, subtítulos en ruso]",5039,23
NIRVANA importa Remastered,5060,55
"Naruto Shippuden: Ultimate Ninja Storm 3 Día 1 Edición [PS3, subtítulos en ruso]",5208,19
"Need for Speed ​​Hot Pursuit [PC, Jewel, versión rusa]",5224,30
"Need for Speed ​​Rivals Limited Edition [PC, versión rusa]",5235,28
"Need for Speed ​​Rivals edición limitada [PS3, la versión rusa]",5236,19
"Need for Speed ​​Rivals [PC, versión rusa]",5240,30
"Need for Speed ​​Rivals [PS3, la versión rusa]",5241,19
"Need for Speed ​​Rivals [PS4, la documentación ruso]",5242,20
Los rivales necesidad de velocidad [Xbox 360 versión en ruso],5243,23
"Need for Speed ​​The Run [PC, versión rusa]",5260,30
Need for Speed: Most Wanted (un juego de Criterion) (Clásicos) [Xbox 360 versión en ruso],5270,23
"Need for Speed: Most Wanted (un juego de Criterion) Limited Edition [PC, versión rusa]",5272,30
"Need for Speed: Most Wanted (un juego de Criterion) Limited Edition [PS3, la versión rusa]",5273,19
Need for Speed: Most Wanted (un juego de Criterion) Limited Edition [Xbox 360 versión en ruso],5274,23
"Need for Speed: Most Wanted (un juego de Criterion) [PS Vita, versión rusa]",5275,22
"Need for Speed: Most Wanted (un juego de Criterion) [PS3, la versión rusa]",5276,19
UNA DIRECCIÓN Cuatro,5319,55
One Direction - Recuerdos de Medianoche,5323,55
UNA DIRECCIÓN Take Me Home,5324,55
"De Orcs and Men [PC, Jewel, subtítulos en ruso]",5361,30
Office Hogar y Estudiantes 2013 32/64 Rusia Rusia Sólo EM DVD No Skype,5380,75
Pink Floyd Un pie en la puerta lo mejor de Pink Floyd,5459,55
PLACEBO Loud Love Like,5511,55
PS Move Motion Controller (Controlador movimientos PS Move: CECH-ZCM1R BX: SCEE),5572,2
Control de navegación PS Move (controlador opcional),5574,2
PS Vita 1000: película protectora Hori (PSV-001U),5580,5
PS Vita 1000: Caso Hori duro duro Negro (PSV-027E),5583,5
PS Vita: Tarjeta de memoria 16GB (PS Vita Tarjeta de memoria de 16 GB - PCH-Z161: SCEE),5591,5
PS3: Cable Artplays HDMI m 2 (ver 1.4.) Blister,5621,2
PS3: el gris metálico controlador de juegos inalámbrico (Wireless Controller Dualshock gris metálico: CECHZC2E / MI BLR: SCEE),5637,2
PS3: El controlador es un color rojo oscuro de juego sin hilos (Dualshock Cont RUS Red Blister: CECH-ZC2E / DR BLR,5642,2
PS3: el negro inalámbrica controlador de juego (DUALSHOCK controlador inalámbrico Negro Blistered: CECHZC2E / BLR: SCEE),5643,2
PS4: Soporte vertical para PS4 (CUH-ZST1 / E Negro: SCEE),5655,3
PS4: auricular inalámbrico negro para PS4 (con soporte para PS3 y PS Vita) (Wireless Stereo Headset Negro O2: CECHYA-0083: SCEE),5657,3
PS4: El controlador de estación de carga (Dualshock 4 Estación de carga: CUH-ZDC1 / E: SCEE),5660,3
PS4: la cámara (cámara PlayStation: CUH-ZEY1: SCEE),5663,3
PS4: dispositivo de juego sin hilos blanco (Dualshock 4 Cont Glacier White: CUH-ZCT1E: SCEE),5666,3
PS4: dispositivo de juego sin hilos rojos (Dualshock 4 Cont Magma Red: CUH-ZCT1: SCEE),5669,3
PS4: azul controlador de juegos inalámbrico (Dualshock 4 Cont Blue Wave: CUH-ZCT1: SCEE),5671,3
PS4: Juego de controlador inalámbrico negro (Dualshock 4 Cont antracita Negro: CUH-ZCT1: SCEE),5672,3
PS4: Cámara de fijación 4gamers cámara PlayStation (SLEH-00262 / 4G-4382),5673,3
PS4: Frente Pulgar Artplays los apretones de protección palanca de mando (2 unidades) Negro,5675,3
PSP E1008: Adaptador 100-240V ARTPLAYS,5682,4
Plants vs Zombies (Jewel),5811,30
PlayStation 4. Conjunto pre-ordenar [PS4],5819,19
PlayStation Plus 12 meses de suscripción: Tarjeta de Pago,5820,35
PlayStation Plus 3 meses de suscripción: Tarjeta de Pago,5821,35
Playstation Store reposición de la cartera: Mapa pago de 1.000 rublos.,5822,35
Playstation Store reposición de la cartera: Tarjetas de Pago 2500 RUB.,5823,35
Pokemon XY doble blister,5827,65
Pokemon Starter Kit XY,5837,65
"Pro Evolution Soccer 2014 [PC, subtítulos en ruso]",5896,30
"Prototype 2 [PC, versión digital]",5917,31
QUEEN Greatest Hits 2,5946,55
RAMMSTEIN Made in Germany,6005,55
sin complejos RIHANNA,6045,55
"Rayman Legends [PS3, la versión rusa]",6084,19
"Rayman Legends [PS4, versión rusa]",6085,20
"Rayman Legends [Pc, Jewel, versión rusa]",6086,30
Rayman Origins (Clásicos) [Xbox 360 versión en ruso],6090,23
"Rayman Origins (Esenciales) [PS3, la versión rusa]",6091,19
"Rayman Origins [PC, Jewel, versión rusa]",6093,30
"Recuérdame [PC, Jewel, subtítulos en ruso]",6111,30
"Resident Evil 6 [PC, Jewel, subtítulos en ruso]",6121,30
"Resident Evil 6 [PS3, subtítulos en ruso]",6122,19
"Resistance 3 (Esenciales) (con soporte para PS Move) [PS3, la versión rusa]",6138,19
"2. aumentado Dark Waters [PC, Jewel, versión rusa]",6156,30
"Subido 3: Titan señores [PC, subtítulos en ruso]",6162,30
"S.T.A.L.K.E.R:. Call of Pripyat [PC, Jewel, versión rusa]",6185,30
STING el último barco,6353,55
"3. La ira sagrada Malahima [PC, subtítulos en ruso]",6376,30
"Saints Row IV [PC, la documentación ruso]",6390,28
"Sid Meier Civilization V. Dioses y Reyes [PC, Jewel, versión rusa]",6432,28
"Sid Meier Civilization V. Un mundo feliz (adición) [PC, Jewel, versión rusa]",6433,28
"Civilización de Sid Meier: Más allá de la Tierra [PC, versión rusa]",6436,30
"SimCity Limited Edition [PC, versión rusa]",6455,28
"SimCity [PC, versión rusa]",6457,30
"Sims 3 (una edición actualizada) [PC, versión rusa]",6466,30
"Sims 3 70s, 80s, 90s. Catálogo [PC, versión rusa]",6467,28
"Sims 3 [PC, Jewel, versión rusa]",6468,30
"Sims 3 hacia el futuro Limited Edition [PC, versión rusa]",6471,28
"Sims 3 hacia el futuro [PC, versión rusa]",6472,28
"Dragon Valley Sims 3 [PC, versión rusa]",6473,28
"Sims 3 Película: Catálogo [PC, versión rusa]",6474,28
"Sims 3 Monte Vista (código de arranque, sin disco) [PC, versión rusa]",6475,28
"Sims 3 Raurin Heights (código de arranque, sin disco) [PC, versión rusa]",6476,28
"Sims 3. Al atardecer (adición) [PC, versión rusa]",6480,28
"Sims 3. Todas las edades (adición) [PC, versión rusa]",6482,28
"Animales Sims 3. [PC, versión rusa]",6488,28
"Sims 3. Supernatural (adición) [PC, versión rusa]",6490,28
"Sims 3. Showbiz (adición) [PC, versión rusa]",6492,28
"Sims 3: Estaciones (adición) [PC, versión rusa]",6495,28
"Sims 3: Establecer las ciudades [PC, versión rusa]",6496,28
"Sims 3: Fije para principiantes [PC], versión rusa",6497,28
"Sims 3: Paradise Island (adición) [PC, versión rusa]",6498,28
"Sims 3: Paradise Island. Edición limitada [PC, versión rusa]",6499,28
"Sims 3: La vida del alumno Limited Edition [PC, versión rusa]",6500,28
"Sims 3: Student Life [PC, versión rusa]",6501,28
"Sims 4 Limited Edition [PC, versión rusa]",6502,28
"Sims 4 [PC, versión rusa]",6503,30
"Edición del colector Sims 4 [PC, versión rusa]",6504,29
"Sims 4 En el trabajo (además) [PC, versión rusa]",6507,28
"Sniper Elite 3 [PC, versión rusa]",6628,30
Sony PlayStation 4 (500 Gb) Negro (CUH-1008A / 1108A / B01),6675,12
"South Park: Palillo de la Verdad [PC, Jewel, subtítulos en ruso]",6687,30
"Spintires [PC, versión rusa]",6710,30
Esporas (rus.v.) (PC y Mac) (PC-DVD) (Jewel),6717,30
"StarCraft II: Heart of the Swarm (adición) [PC, Jewel, versión rusa]",6738,30
"StarCraft II: Heart of the Swarm (suplemento). Edición Coleccionista [PC, versión rusa]",6739,29
"StarCraft II: Wings of Liberty [PC, Jewel, versión rusa]",6740,30
"Cruzado II [PC, Jewel, versión rusa]",6763,30
"Tekken 6 (Esenciales) [PS3, la versión rusa]",6910,19
"Tekken 6 (Esenciales) [PSP, versión rusa]",6911,21
"Tekken Tag Tournament 2 (con soporte para 3D) [PS3, subtítulos en ruso]",6916,19
"The Amazing Spider-Man 2 [PC, Jewel, versión rusa]",6926,30
"The Elder Scrolls V: Skyrim - Dawnguard actualización (código de arranque, sin disco) [PC, joya, fes rusos",6953,28
"The Elder Scrolls V: Skyrim - Dracónido Suplemento (código de arranque, sin disco) [PC, Jewel, Rusia ve",6954,28
"Los muertos vivientes. El instinto de supervivencia [PC, Jewel, versión rusa]",6998,30
"Ladrón [PC, Jewel, versión rusa]",7003,30
"Ladrón [PC, versión rusa]",7004,28
"Ladrón [PS3, la versión rusa]",7005,19
"Ladrón [PS4, versión rusa]",7006,20
"Titanfall [PC, versión rusa]",7018,30
"Tom Clancy Splinter Cell: Blacklist. Standard Edition [PC, Jewel, versión rusa]",7047,30
"Tom Clancy Splinter Cell: Blacklist. Echelon superior Edition [PC, versión rusa]",7054,28
"Tomb Raider - Special Edition [PC, versión rusa]",7068,28
"Tomb Raider [PC, Jewel, versión rusa]",7070,30
"Tomb Raider [PS3, la versión rusa]",7071,19
Tomb Raider [Xbox 360 versión en ruso],7072,23
"Tomb Raider. Edición Definitiva [PS4, versión rusa]",7075,20
"Roma II Guerra Total: edición actualizada [PC, Jewel, versión rusa]",7085,28
"Total War: Attila [PC, Jewel, subtítulos en ruso]",7087,30
"Total War: Rome 2 [PC, Jewel, versión rusa]",7096,30
"Total War: Rome 2. Imperial Edition [PC, versión rusa]",7097,29
"Total War: Rome 2. Classic Edition [PC, versión rusa]",7098,28
"UFC [PS4, versión en Inglés]",7172,20
"Juegos Ultimate. Hitman Absolution [Pc, Jewel, versión rusa]",7202,30
"Juegos Ultimate. Rayman Origins [PC, versión joya ruso]",7203,30
"Juegos Ultimate. Nuevo Spider-Man [PC, Jewel, versión rusa]",7206,30
"Juegos Ultimate. Transformers: Fall of Cybertron [PC, Jewel, versión rusa]",7207,30
"Uncharted 2: El reino de los ladrones (Esenciales) [PS3, la versión rusa]",7213,19
"El engaño de Drake Uncharted 3. (con soporte para 3D) (Esenciales) [PS3, la versión rusa]",7215,19
"Uncharted Golden Abyss [PS Vita, versión rusa]",7220,22
"Uncharted: Nathan Drake. Colección [PS4, versión rusa]",7223,20
"Warcraft III Oro [PC, Jewel, versión rusa]",7736,30
Warcraft III. Reino del Caos (Jewel),7737,30
"Warhammer 40.000 Dawn of War. Edición Coleccionista [PC, versión rusa]",7770,29
"Wasteland 2 [PC, versión rusa]",7780,30
"Watch_Dogs [PC, versión rusa]",7790,30
"Watch_Dogs [PS3, la versión rusa]",7791,19
"Ver perros. Dedsec Edition [PC, versión rusa]",7794,29
"Ver perros. Vigilante Edition [PC, versión rusa]",7798,29
Ver perros. kit pre-orden para la red 1C interés [PC],7802,30
"Ver perros. Edición especial [PC, versión rusa]",7805,28
"Ver perros. Edición especial [PS3, la versión rusa]",7806,19
"Ver perros. Edición especial [PS4, versión rusa]",7807,20
Ver perros. Edición especial [Xbox 360 versión en ruso],7808,23
Win 8.1 de 32 bits / 64 bits de Rusia Rusia Sólo DVD,7812,75
Victoria en casa Prem 7 Rusia Rusia Sólo DVD,7815,75
Win Pro 8 de 32 bits / 64 bits de Rusia Rusia VUP Sólo DVD,7820,75
"Wolfenstein: El Nuevo Orden [PC, Jewel, subtítulos en ruso]",7834,28
"Wolfenstein: El Nuevo Orden [PS3, subtítulos en ruso]",7836,19
"Wolfenstein: El Nuevo Orden [PS4, subtítulos en ruso]",7837,20
"World of Warcraft + Burning Crusade [PC, Joya, de 14 días, la versión en ruso]",7850,30
"World of Warcraft oro [PC, la versión de 30 días ruso]",7851,28
"World of Warcraft oro [PC, Joya, de 14 días, la versión en ruso]",7852,30
Mundo de Warcraft. posesión de la tarjeta de pago (en línea) (rus.v.) (60 días) (Jewel),7856,28
"World of Warcraft: Mists of Pandaria (adición) [PC, Jewel, versión rusa]",7860,28
"World of Warcraft: Warlords de Draenor (adición) [PC, versión rusa]",7863,28
"World of Warcraft: Warlords de Draenor (adición) - Un conjunto de pre-venta [PC, ruso",7864,30
"X renacimiento [PC, la versión en Inglés]",7872,30
X360: Wireless Gamepad Negro - Mando inalámbrico NEGRO (NSF-00002: Microsoft),7893,6
X360: negro gamepad con cable - Controlador NEGRO (S9F-00002: Microsoft),7894,6
X360: Kit de carga para el gamepad negro - NEGRO Kit de Carga (NUF-00002: Microsoft),7895,6
"XCOM: Enemy Unknown [Pc, Jewel, versión rusa]",7912,30
"XCOM: Enemy Dentro [PC, Jewel, versión rusa]",7917,30
Xone: Conjunto de batería y cable de carga para Xbox Gamepad Uno [S3V-00008],7933,7
Xbox 360 250 GB halo4 + Tomb Raider (N2V-00016),7940,15
Xbox 360 250 GB Kinect bundle Sports 2 + Forza Horizon (5DX-00008),7942,15
Xbox 360 Kinect Sensor Xbox 360 CS / EL / HU / PL / RU / SK 1 Licencia paquete de juegos,7956,6
Xbox LIVE: la suscripción mediante tarjeta ORO 12 meses [Digital Version],7966,34
Xbox LIVE: tarjeta de suscripción Gold 3 meses [Digital Version],7967,34
Xbox LIVE: tarjeta de pago 2100 puntos (56P-00223),7977,33
Xbox LIVE: tarjeta de pago 4200 puntos (56P-00225),7978,33
Xbox LIVE: tarjeta de suscripción es de 3 meses (52K-00036),7979,33
Xbox LIVE: tarjeta de suscripción es de 3 meses (52K-00160),7980,33
iTunes 1500 rublos.,8057,32
iTunes 500 rublos.,8058,32
"segundo hijo infame. Edición Especial [PS4, versión rusa]",8060,20
"inFAMOUS: First Light [PS4, versión rusa]",8061,20
abetos 3,8077,40
AVATAR (3D BD + BD + DVD),8093,38
AGOSTO,8100,40
Ana Karenina,8314,40
Americana Hustle,8415,40
Accesorio: Mando inalámbrico Xbox Uno (S2V-00018),8452,7
Barbie y su hermana en la historia de PONY,8624,40
Basta 4,8686,55
BEMBI (región),8778,40
Berserk: La muerte de máquinas: Booster,8829,65
"Berserk: Laar Voz: refuerzo, art.1010",8830,65
"Berserk: Temblores: refuerzo, art. 1980",8831,65
B-2 B-2 y la orquesta sinfónica del Ministerio de Interior de Rusia 2CD,8863,55
Cobra 2,9055,40
"Billete ""IgroMir 2014"" (por un día (por separado - 3 de octubre de, 2014))",9241,8
"Billete ""IgroMir 2014"" (por un día (por separado - 4 5 de octubre de 2014))",9242,8
"Billete ""IgroMir 2014"" - una familia de hasta 4 personas incl. (Para un día (por separado - 3, 4 5 de octubre de 2014))",9243,8
"Billete ""IgroMir 2015"" - 2 de octubre de, 2015 (sitio) [Digital Version]",9244,80
"Billete ""IgroMir 2015"" - 2 de octubre de, 2015 (sitio web) CONTROL [Digital Version]",9245,8
"Billete ""IgroMir 2015"" - 2 de octubre de, 2015 [Digital Version]",9246,80
"Billete ""IgroMir 2015"" - 2 de octubre de, 2015 GESTIÓN [Digital Version]",9247,8
"Billete ""IgroMir 2015"" - 3 de octubre de, 2015 (sitio) [Digital Version]",9248,80
"Billete ""IgroMir 2015"" - 3 de octubre de, 2015 (sitio web) CONTROL [Digital Version]",9249,8
"Billete ""IgroMir 2015"" - 3 de octubre de, 2015 [Digital Version]",9250,80
"Billete ""IgroMir 2015"" - 3 de octubre de, 2015 UPR [Digital Version]",9251,8
"Billete ""IgroMir 2015"" - 4 octubre 2015 [Digital Version]",9254,80
"Billete ""IgroMir 2015"" - 4 octubre 2015 GESTIÓN [Digital Version]",9255,8
llavero Minecraft (ciega bolsa) en el rango de 1 serie,9355,70
llavero Minecraft (ciega bolsa) en el rango de la serie 2,9356,70
WOT de metal Llavero Guerrero (100109),9396,70
Buscando a Nemo (región),9507,40
"Tras las líneas enemigas: Storm 2 [PC, Jewel, versión rusa]",9532,30
WALL-E (región),9565,40
EL GRAN GATSBY,9781,40
VIY,9862,40
VIY (3D BD + BD),9863,38
Winnie - Pooh (Región),9871,40
RETORNO DE HERO,9956,40
Guerra Mundial Z,9983,40
WORLD WAR Z (BD),9986,37
"The Witcher 3: Wild Hunt - Suplemento ""corazón de piedra"" (código de arranque, sin disco) [PC, versión rusa]",10201,28
"The Witcher 3: Wild Hunt - Suplemento ""corazón de piedra"" (código de arranque, sin disco) [PS4, versión rusa]",10202,20
"The Witcher 3: Wild Hunt [PC, Jewel, versión rusa]",10207,30
"The Witcher 3: Wild Hunt [PC, versión rusa]",10209,28
"The Witcher 3: Wild Hunt [PS4, versión rusa]",10210,20
"The Witcher 3: Wild Hunt. Edición Coleccionista [PC, versión rusa]",10212,29
MI VILLANO FAVORITO,10292,40
Despreciable Me 2,10298,40
Despicable Me 2 (BD),10300,37
HARRY POTTER Y LAS RELIQUIAS DE LA MUERTE. PARTE 2 (región),10331,40
Geograf globus propil,10376,40
HERACLES,10379,40
Los juegos del hambre (región),10452,40
Los Juegos del Hambre: En Llamas (BD),10455,37
Los Juegos del Hambre: En Llamas (región),10456,40
Ciudad de Héroes,10476,40
¡AMARGAMENTE!,10487,40
GRAVEDAD,10497,40
GRAVEDAD (3D BD + BD),10498,38
La era de El Mañana,10511,40
Boris Grebenshchikov Sol (empresas).,10518,55
"Harry Potter para Kinect (sólo para MS Kinect) [Xbox 360, la documentación ruso]",10563,23
rompecabezas del cubo de Rubik 3x3,10658,67
"Puzzle 3x3 Cubo de Rubik sin etiquetas, mecanismo suave",10659,67
Club de Compradores de Dallas,10718,40
DDT transparente (firmas).,10784,55
Django desencadenado,10956,40
Jang liberación (BD),10957,37
Django Unchained (región),10958,40
JACK - VIAJE DE GIGANTES,10985,40
JACK RICHER,10991,40
John Carter (región),11030,40
SELVA,11041,40
Armadura de Dios 3: MISIÓN ZODIAC,11194,40
"Titular de la cámara ARTPLAYS Clip 2 a 1 al sensor de la cámara Kinect / PS3 (SR-70102), negro",11305,6
"Vivir hasta el amanecer. Extended Edition [PS4, versión rusa]",11354,20
Entrega (EMS),11365,9
Entrega (Correo),11369,9
Entrega (Moscú),11370,9
La entrega en el punto de entrega (Boxberry),11373,9
"InFamous (Esenciales) [PS3, la versión rusa]",11389,19
"InFamous 2 (Esenciales) [PS3, la versión rusa]",11391,19
IRON MAN 3 (+ AVENGERS),11457,40
Real Steel (región),11484,40
LA VIDA DE PI,11496,40
LIFE PI (BD),11498,37
Búsqueda implacable 2,11608,40
edición STAR WARS SAGA Collector 1-6 (9BD),11655,41
Zemfira viven en la cabeza (empresas).,11711,55
"Los límites externos: dos almas [PS3, la versión rusa]",11811,19
"Más allá de dos almas. Edición especial [PS3, la versión rusa]",11813,19
Iván zarevich y el lobo gris 2,11903,40
GAME OF THRONES. ESTACIÓN 1 (5 DVD),11921,40
GAME OF THRONES. ESTACIÓN 2 (5 DVD),11922,40
GAME OF THRONES. ESTACIÓN 3 (5 DVD),11925,40
ILLUSION de engaño,11966,40
Interestelar,12020,40
Interestelar (BD),12021,37
difunto,12090,40
Desapareció (BD),12091,37
"Adicción al juego. Selección del editor. Call of Duty: Modern Warfare [PC, Jewel]",12134,30
"Adicción al juego. Selección del editor. Call of Duty: World at War [PC, Jewel]",12135,30
"Juguete-myalka ""aves enojado"" en el rango de (1 pieza)",12168,70
"Juguetes-MÄLK ""Angry birds"" 3 pcs. en el conjunto",12184,70
Como entrenar a tu dragón (Región),12361,40
Cómo entrenar a Dragon 2,12362,40
Capitán Phillips,12397,40
PELÍCULAS Collection 1,12472,55
CLÁSICA pequeña obra maestra de grandes compositores 1,12550,55
CLÁSICA pequeña obra de los grandes compositores de 3,12552,55
COLECCIÓN SHORT M / F PIXAR 2,12677,40
Kon Tiki,12734,40
Rey y la nueva colección del payaso,12797,55
"Monsters, Inc. (región)",12817,40
EL GATO CON BOTAS,12828,40
CAT trueno y la casa encantada,12833,40
La bella y la bestia (la princesa) (región),12860,40
Die Hard: Un buen día para morir,12908,40
"GODFATHER 1,2,3 (4BD)",12912,41
COCINA en París (región),13058,40
Universales cable HDMI Artplays m 2 (ver. 1.4),13071,3
Pago con tarjeta de Xbox: 1000 rublos [Digital Version],13097,34
Pago con tarjeta de Xbox: 2.000 rublos [Digital Version],13098,34
Pago con tarjeta de Xbox: 500 rublos [Digital Version],13099,34
"Clásicos del género. Sniper Elite V2 [PC, Jewel, versión rusa]",13151,30
"Clásicos del género. Might & Magic: Heroes [PC, Jewel, versión rusa]",13159,30
El mirex cd CD-R 48x 700MB Delgado caso PRO,13344,82
El mirex cd CD-R 52x 700MB Delgado máxima de la caja,13345,82
Caja Cd Mirex CD-RW 700 MB 4-12x Delgado,13350,82
"Cd Mirex DVD + R de doble capa de 8,5 GB 8x caso Delgado",13351,82
"Cd Mirex DVD-R 4,7 GB 16x caso Delgado",13354,82
"Ajuste ""Microsoft Xbox One 500 GB (Día Uno Edición Caja Verde)"" + ""FIFA 15"" + ""Forza Motorsport 5""",13405,16
"Kit + Sims 3 Los Sims 3: Estaciones (adición) [PC, versión rusa]",13417,28
Kit de Sony PS4 (500 Gb) Negro (CUH-1108A / B01) + juego Grand Theft Auto V,13443,12
"Kit ""Invizimals: Las Tribus Perdidas [PSP, versión rusa]"" + ""cámara PSP USB»",13460,21
"Kit «Xbox LIVE: Mapa de suscripción 3 meses + Xbox LIVE: Tarjeta de regalo del oro es de 500 rublos""",13505,33
"Conjunto de ""El Libro de los Hechizos"" (sólo para PS Move) [PS3, la versión rusa] + «Wonderbook»",13511,19
"Un conjunto de ""Festival de Deportes [PS3, la versión rusa]"" Camera + PS Eye + PS Move mando 2 pcs.",13516,2
"Espacio Rangers HD. Revolución [PC, Jewel, versión rusa]",13572,30
Taza de Angry Birds pájaro rojo 300ml 3D,13619,69
"Crash: Furia de Titanes (Esenciales) [PSP, versión rusa]",13735,21
"Crash: Señor de los mutantes (Esenciales) [PSP, versión rusa]",13736,21
Entrega de correos (Boxberry),13753,9
LEYENDA número 17 (avtoflag DVD +),13811,40
LEGO. FILM + cartas coleccionables,13828,40
Ice Age 4: Continental Drift,13851,40
Leps Grigory Grand Collection mejor de lo mejor,13880,55
Leps Grigory El Mejor 3CD (empresas).,13881,55
Leps Grigory Gangster №1 (empresas).,13888,55
Leps Grigory Duets,13889,55
Leps Grigory Al límite (empresas).,13901,55
ELIMINACIÓN (Región),13923,40
MEJOR OFERTA,14019,40
X-Men: Días del Futuro Pasado,14126,40
LUCY,14142,40
"Los mejores juegos para niños. LEGO. Piratas del Caribe [PC, Jewel, versión rusa]",14227,30
"Los mejores juegos para niños. Ice Age 4. Cont. la deriva. Ártico. Juego [PC, Jewel, versión rusa]",14228,30
"Los mejores juegos para niños. Cars 2 [PC, Jewel, versión rusa]",14229,30
Madagascar 3,14261,40
La familia,14296,40
Pernicioso,14305,40
"KID, CARLSON Y OTROS sb.m / f (región)",14320,40
Ciervo. PARTE 3,14334,40
"MA + FELIZ AÑO NUEVO, MAMÁ!",14346,40
MASHA Y EL OSO. la vitamina del crecimiento,14429,40
MASHA Y EL OSO. La vitamina CRECIMIENTO (región),14430,40
MASHA Y EL OSO. ¡RESPIRAR! ¡NO RESPIRES! (17-25 serie) (región),14432,40
MASHA Y EL OSO. REGALO DE AÑO NUEVO (EXCLUSIVO),14447,40
Masha y el Oso: cuando todos CASAS (44 series),14458,40
METRO,14574,40
"World of Warcraft: Guerra de los elementos (Guerra de los elementos): refuerzo, el arte. 010827",14612,65
Silver Linings Playbook,14730,40
VACACIONES EN LOS MONSTRUOS,14752,40
ALQUILERES monstruos en (región),14755,40
AVENGERS WD (región),14810,40
"MTG (RUS): Basic Edition 2013: Booster, art.624613",14826,65
"MTG (RUS): Basic Edition 2013: El conjunto inicial, art.625719",14827,65
"MTG (RUS): Basic Edition 2014: Booster, art.693268",14828,65
"MTG (RUS): Basic Edition 2014: El conjunto inicial, art.694302",14829,65
"MTG (RUS): La magia 2015 Booster, art.756574",14830,65
"MTG (RUS): Basic Edition 2015: El conjunto inicial, art.757212",14831,65
"MTG (RUS): Volver a Rávnica: Booster, art.627362",14834,65
MTG (RUS): Laberinto del dragón (Dragon`s Laberinto): Booster art.687793,14841,65
"MTG (RUS): De boda en boda: Booster, art627591",14842,65
"MTG (RUS): La generación de los dioses: Booster, art697587",14845,65
"MTG (RUS): Viaje a los Knicks: Booster, art.749200",14846,65
"MTG (RUS): Teros: Booster, art.694012",14847,65
SOMOS LOS MOLINEROS,14912,40
original de Magic 8 Ball,14931,69
Machinarium DVD,15016,30
"Metod.materialy ""1C: Contabilidad 8. Revisión 3.0 práctica aplicación.""",15031,49
"Metod.materialy ""1C: Gestión de Comercio 8. Práctica de la revisión 11. 2ª edición""",15038,49
"Metro 2033. Volver [PC, versión rusa]",15040,28
"Metro 2033. Volver [PS4, versión rusa]",15041,20
"Metro. Rayo de esperanza. Edición limitada [PC, versión rusa]",15044,30
"Metro. Rayo de esperanza. Edición limitada [PS3, la versión rusa]",15045,19
Metro. Rayo de esperanza. Edición limitada [Xbox 360 versión en ruso],15046,23
"Poder y magia. 6 Héroes [PC, Jewel, versión rusa]",15060,30
"Poder y magia. Héroes 6. El filo de la oscuridad [PC, Jewel, versión rusa]",15063,30
"Poder y magia. 6. Héroes Gold Edition [PC, versión rusa]",15064,28
Poder y magia. Heroes III. Restauración de Erathia. HD Edition [versión para PC ruso],15066,28
Microrrobot aguamarina Bot,15085,62
microrrobot nuevo Nano en un tazón,15100,62
cachorro de juguete de los mini,15136,62
Juguete Adventure Time Jake 25cm,15226,63
30cm Toy Angry Birds verde Cerdo,15255,63
arte 30cm juguete pájaro rojo de Angry Birds. AVR12,15256,63
Dragones de juguetes de peluche grande Bezzubik,15268,63
"Juguete de la enredadera de Minecraft 7 """,15284,63
"Juguete Minecraft Enderman 7 """,15287,63
Juguete suave Plants vs Zombies Zombies son de 50 cm.,15298,63
caballo de juguete animado Alegre 10cm,15343,63
11cm juguete animado Feliz cordero,15346,63
Juguete Sojuzmultfilm gatito música Woof,15446,63
juguete suave Tom y Jerry Jerry 15 cm,15470,63
MÄLK rizado Cut the Rope,15519,70
Malk Antistress Cut la espuma de la cuerda 15 cm.,15521,70
START (región),15585,40
la vida secreta de Walter Mitty,15631,40
IMPOSIBLE,15646,40
NOÉ,15784,40
Esperar a que! (1-8) (región),15833,40
Esperar a que! (9-16) (Región),15836,40
arte juego de mesa ALIAS partido. 02703,16011,64
Juego de mesa ALIAS Partido compacto arte. 01934,16014,65
"Juego de mesa Actividades Viajes (viajeros), art. 776809",16020,65
"juego de mesa de World of Tanks Fiebre del Segundo Frente, art.1194",16055,64
Mesa de juego de World of Tanks de Rush art.1123,16056,64
Tablero de juego Ruff,16057,64
Ruff CD Juego de mesa,16059,65
Junta juego del ahorcado para el recorrido,16071,65
Juego de mesa Imadzhinarium Base,16113,64
Tablero de juego Tic-Tac-Toe y cuatro en una fila para el recorrido,16135,65
"juego de mesa de Quest Munchkin nueva versión, el arte. 1383",16160,64
"Juego de mesa Munchkin versión en color, el arte. 1031",16167,64
Juego de mesa mafia familia entera de montaje (juego de cartas) art. 1070,16169,65
art.29188 juego de mesa Monopoly carretera,16176,64
juego de mesa Monopoly arte. 00009H,16182,64
Tablero de juego acorazado de viajes,16184,65
Backgammon juego de mesa para los viajes,16189,65
"Juego de mesa Piggy (nueva versión), art. 1058",16205,65
"Juego de mesa Piggy 2.0, art. 1118",16206,64
"Juego de mesa Piggy Etiqueta (nueva versión), art. 1059",16209,65
"Juego de mesa Piggy joven (nueva versión), art.1518",16210,65
Tablero de juego Uno,16227,65
arte Juego de mesa juego de cartas Hobbit. 1047,16234,65
Damas juego de mesa para los viajes,16244,65
Manual de 1C: Expertos en cuestiones de tecnología. Filippov EV,16249,49
burbujas no jabonosos,16286,69
No pompas de jabón en un blister,16287,70
"Neokub, 5 mm, Alfa 216, Acero",16315,67
"Neokub, 5 mm, Alfa 216, Negro",16316,67
"Nancy Drew. La capilla de la reina perdida [PC, Jewel, versión rusa]",16397,30
ATLAS DE NUBES,16450,40
Cloud Atlas (BD),16451,37
Olvido,16454,40
El olvido (BD),16455,37
ROBO CASINO,16482,40
EL LLANERO SOLITARIO,16501,40
Oz el grande y poderoso,16531,40
Okean Elzy Tierra (empresas).,16540,55
Okean Elzy Favoritos 2CD (empresas).,16541,55
"OPERACIÓN ""ARGO""",16581,40
peligros específicos,16623,40
Un extraño de Prometeo: la evolución (BD),16665,37
los Miserables,16670,40
Miserables (BD),16671,37
"""Gran Budapest""",16676,40
CAZADORES DE BRUJAS,16732,40
Gangster Squad,16736,40
"Algunos de nosotros [PS3, la versión rusa]",16787,19
"Uno de nosotros. Una versión actualizada de [PS4, versión rusa]",16790,20
"Orden de 1886 [PS4, versión rusa]",16825,20
Código de la tarjeta 8 (en el rango),16832,66
EL OLIMPO HA CAIDO,16849,40
PARKER,16900,40
El primer vengador: Otra guerra,16956,40
Percy Jackson y los monstruos marinos,16983,40
BUCLE DE TIEMPO,16993,40
BY-EFECTO,17136,40
Poddubny,17167,40
DESPUÉS DE LA TIERRA,17253,40
PRESTIGE (región),17322,40
PATRULLA FANTASMA,17346,40
PROMETEO,17480,40
set de regalo WOT Alemán (tercer Rus. Ed.) Art.1295,17654,69
Set de regalo WOT Soviética (Rusia tercero. Ed.) Art.1294,17659,69
set de regalo con el modelo del tanque WOT ES-7,17662,69
Recibir dinero en efectivo para 1C-line,17717,79
"Viaje. Edición Coleccionista [PS3, la documentación ruso]",17754,19
RALPH,17782,40
Enredado. Princess (región),17794,40
Ratatouille (región),17811,40
Riddick,17855,40
RIO,17865,40
RIO 2,17871,40
Wolverine: EL INMORTAL,17956,40
MERMAID m / f Disney (región),17978,40
rojo 2,18004,40
AERONAVE,18144,40
Ilegal,18164,40
Se sentó. 100 Best Of Rock (MP3-CD) (joya),18186,57
Se sentó. Unión 52,18451,55
The Croods,18622,40
Siete psicópatas,18633,40
Smeshariki NEW ADVENTURES Edición 1 6DVD,18825,40
LOS PITUFOS 2,18884,40
Snow Queen (3D + 2D),18919,40
STALINGRAD,19065,40
Star Trek: la oscuridad a la,19091,40
Guardianes de la Galaxia,19116,40
GUARD GALAXY (BD),19118,37
JUEZ,19161,40
OSCURIDAD. SAGA. DAWN: PARTE 2 (2DVD),19196,40
"Francotirador. de Ghost Warrior 2 Collector Edition [PC, versión rusa]",19405,29
"Francotirador. Ghost Warrior 2 [PC, Jewel, versión rusa]",19415,30
"Tomboy [PS Vita, versión rusa]",19430,22
"La Tierra Media: La sombra de Mordor [PC, Jewel, subtítulos en ruso]",19436,30
"La Tierra Media: La sombra de Mordor [PC, versión digital]",19437,31
"La Tierra Media: La sombra de Mordor [PS4, subtítulos en ruso]",19439,20
"La Tierra Media: La sombra de Mordor. Premium Edition [PC, versión digital]",19445,31
paso del Diablo,19536,40
Carretillas (región),19597,40
Coches 2 (región),19602,40
LA COSTA DEL PACÍFICO,19687,40
2: El Reino de la Oscuridad,19752,40
TRANCE,19771,40
TRANS (BD),19772,37
TRANSFORMERS: AGE de exterminio,19794,40
TRES GUERREROS EN orillas distantes,19811,40
Tres héroes. El caballero,19817,40
Tres de Suero de mantequilla (Región),19860,40
Difícil de ser Dios,19893,40
TURBO,19900,40
"Transformadores. Batalla por la Chispa Oscuro [PC, Jewel, versión rusa]",19985,30
Transformers: War for Cybertron,19993,30
MONSTERS UNIVERSITY,20088,40
FEI: EL MISTERIO DE LA WINTER forestales (región),20231,40
Rapido y Furioso 6,20301,40
Frankenweenie,20311,40
25cm Creed III Connor El Cazador de figurita asesino,20384,72
22cm Credo IV Bandera Negro Edward Kenway El asesino del pirata de figurita asesino,20387,72
24cm Credo Unidad Arno The Fearless asesino de figurita asesino,20404,72
"Figurilla de Minecraft Serie 1 de la enredadera de la dinamita & Gun Powder 3 """,20606,72
"Serie Minecraft figurita 1 Enderman con la hierba cuadra hongo rojo 3 """,20607,72
"Figura Minecraft Serie 1 jugador Survival Pack 3 """,20608,72
"Figurita Serie 1 Minecraft Steve Con Espada de hierro y mineral de hierro Bloque 3 """,20609,72
"Figurilla de Minecraft Serie 1 Zombi con Espada de hierro y mineral de hierro Bloque 3 """,20610,72
"Figurita de la serie 2 de Minecraft Diamante Steve con el diamante y diamante armadura Ore Bloque 3 """,20613,72
"Phineas y Ferb. Conquest de la segunda medición (Esenciales) [PSP, versión rusa]",20947,21
paquete Corporate camisa blanca 1C interés (34 * 42) 45 m,20949,71
El Hobbit: La Batalla de los Cinco Ejércitos,21364,40
Hobbit: Unexpected Journey (2 BD),21370,37
El Hobbit: Un viaje inesperado (2DVD),21376,40
El Hobbit: Un viaje inesperado (región),21377,40
Hobbit: Heath Smaug (tarjeta colector 2DVD +),21384,40
Corazón frío M / F (región),21404,40
Braveheart (región),21427,40
KEEPERS de los sueños,21440,40
altavoz de peluche de hámster (Brown),21487,62
altavoz de peluche de hámster (gris),21488,62
CHOI Victor Tsoi 50,21565,55
HOMBRE DE ACERO (+ Coll. Tarjeta),21620,40
Tortugas Ninjas mutantes adolescentes,21669,40
SHERLOCK. ESTACIÓN 3 (2DVD),21864,40
ESCUELA SECUNDARIA DE MONSTRUOS. 13 DESEOS,21874,40
ESCUELA SECUNDARIA DE MONSTRUOS. poca clase chica,21876,40
ESCUELA SECUNDARIA DE MONSTRUOS. ¿POR LOS MONSTRUOS enamoran / CALA la noche del viernes,21880,40
TRIPULACIÓN,22020,40
Elysium: CIELO EN LA TIERRA NO,22045,40
ÉPICO,22058,40
"Eador. Señor de los mundos [PC, Jewel, versión rusa]",22076,30
Duracell LR03-BC2,22087,83
Duracell LR06-BC2,22088,83
Pilas Duracell TURBO LR de marzo de 2 * BL,22091,83
Pilas Duracell TURBO LR6 2 * BL,22092,83
Witcher Enciclopedia Mundial,22102,42
YO SOY FRANKENSTEIN,22143,40
1C lenguaje de consulta: Empresa 8 (+ CD). Jrustalev EY,22167,49